Reference,PCB Qty,Top PCB ?,Lower PCB ?,Total Order,Value,Manufacturer,Device,DigiKey Part,LCSC Part,Footprint,Datasheet
A701,1,1,0,1,Arduino_Nano_v3.x,,,,,Module:Arduino_Nano,http://www.mouser.com/pdfdocs/Gravitech_Arduino_Nano3_0.pdf
"C401,C402,C403,C404,C405,C407,C408,C409,C410,C411,C412,C413,C420,C421,C424,C426,C428,C429,C430,C431,C432,C433,C434",23,23,0,23,22uF,Samsung Electro-Mechanics,CL32B226KAJNNNE,1276-3392-1-ND,,Capacitor_SMD:C_1210_3225Metric,~
C406,1,1,0,1,100uF,KYOCERA AVX,RPA0609101M025B,478-RPA0609101M025B-ND,,Capacitor_THT:CP_Radial_D6.3mm_P2.50mm,~
"C414,C415,C416,C435,C501,C502,C503,C504,C511,C512,C513,C514,C521,C522,C526,C527,C528,C529,C533,C534,C535,C536,C607,C608,C609,C610",26,22,22,44,0.1uF,Samsung Electro-Mechanics,CL05B104KA5NNNC,1276-6720-1-ND,,Capacitor_SMD:C_0402_1005Metric,~
"C417,C505,C506,C507,C508,C509,C510,C515,C516,C517,C518,C519,C520,C523,C524,C525,C530,C531,C532,C601,C602,C603,C604,C605,C606,C611,C612,C701",28,20,26,46,1.0uF,Samsung Electro-Mechanics,CL05A105KA5NQNC,1276-1445-1-ND,,Capacitor_SMD:C_0402_1005Metric,~
C418,1,1,0,1,330pF,Murata Electronics,GRM1555C1H331JA01D,490-1295-1-ND,,Capacitor_SMD:C_0402_1005Metric,~
C419,1,1,0,1,47pF,Murata Electronics,GRM1555C1H470JA01D,490-5942-1-ND,,Capacitor_SMD:C_0402_1005Metric,~
C436,1,1,0,1,10uF,Samsung Electro-Mechanics,CL32B106KBJNNNE,1276-3387-1-ND,,Capacitor_SMD:C_1210_3225Metric,~
"CONN501,CONN502,CONN503,CONN601",4,3,4,7,SameSky RCJ-61562423,Same Sky (Formerly CUI Devices),RCJ-61562423,102-5870-ND,,avswitch:RCJ-61,https://www.sameskydevices.com/product/resource/rcj-61.pdf
D401,1,1,0,1,MBR0520,onsemi,MBR0520LT1G,MBR0520LT1GOSTR-ND,,Diode_SMD:D_SOD-123,~
"D501,D502,D503,D504,D505,D506,D507,D508,D509,D510,D511,D512,D513,D514,D515,D516,D517,D518,D601,D602,D603,D604,D605,D606",24,18,24,42,D_TVS_Filled,SMC Diode Solutions,SD03LCC,1655-SD03LCCTR-ND,,Diode_SMD:D_SOD-323,~
F401,1,1,0,1,750mA hold,Bel Fuse Inc.,0ZCG0075FF2C,5923-0ZCG0075FF2CTR-ND,,Fuse:Fuse_1812_4532Metric,~
J402,1,1,1,2,Screw_Terminal_01x03,Amphenol Anytek,TC0303620000G-ND,TC0303620000G-ND,,TerminalBlock:TerminalBlock_MaiXu_MX126-5.0-04P_1x04_P5.00mm,~
J403,1,1,0,1,SameSky UJC-H-G-SMT-2-P6-TR,GCT,USB4125-GF-A-0190,2073-USB4125-GF-A-0190TR-ND,,Connector_USB:USB_C_Receptacle_GCT_USB4125-xx-x_6P_TopMnt_Horizontal,https://www.usb.org/sites/default/files/documents/usb_type-c.zip
J504,1,1,1,2,MUX,Amphenol ICC (FCI),HLW12R-2C7LF,609-1824-ND,,avswitch:amphenol-HLW12R-2C7LF,~
J701,1,1,1,2,CTRL,Amphenol ICC (FCI),HLW12R-2C7LF,609-1824-ND,,avswitch:amphenol-HLW12R-2C7LF,~
J703,1,1,0,1,Conn_01x02,Amphenol ICC (FCI),10129378-902004BLF,10129378-902004BLF-ND,,Connector_PinHeader_2.54mm:PinHeader_1x02_P2.54mm_Vertical,~
J704,1,1,0,1,Conn_01x04,Adam Tech,PH1-04-UA,2057-PH1-04-UA-ND,,Connector_PinHeader_2.54mm:PinHeader_1x04_P2.54mm_Vertical,~
"L401,L402,L403,L405,L406",5,5,0,5,10uH,Taiyo Yuden,NRS6045T100MMGK,587-2946-1-ND,,Inductor_SMD:L_Taiyo-Yuden_NR-60xx,~
L404,1,1,0,1,2.2uH,Taiyo Yuden,NRS4018T2R2MDGJ,587-2890-1-ND,,Inductor_SMD:L_Taiyo-Yuden_NR-40xx,~
"R401,R402",2,2,0,2,0.787,TE Connectivity Passive Product,RLC73PD2AR787FTD,1712-RLC73PD2AR787FTDCT-ND,,Resistor_SMD:R_0805_2012Metric,~
R403,1,1,0,1,100k,YAGEO,RC0805JR-07100KL,311-100KARCT-ND,,Resistor_SMD:R_0805_2012Metric,~
R404,1,1,0,1,324,YAGEO,RC0805FR-07324RL,311-324CRCT-ND,,Resistor_SMD:R_0805_2012Metric,~
"R405,R406,R408,R416,R507,R508,R509,R510,R511,R512,R525,R526,R527,R528,R529,R530,R552,R553,R554,R561,R562,R563,R601,R602,R603,R622,R623,R624,R633,R634",30,22,26,48,10k,YAGEO,RC0805FR-1310KL,13-RC0805FR-1310KLCT-ND,,Resistor_SMD:R_0805_2012Metric,~
R407,1,1,0,1,31.6k,YAGEO,RC0805FR-0731K6L,311-31.6KCRCT-ND,,Resistor_SMD:R_0805_2012Metric,~
"R410,R412",2,2,0,2,0.698,TE Connectivity Passive Product,RLC73PD2AR698FTD,1712-RLC73PD2AR698FTDCT-ND,,Resistor_SMD:R_0805_2012Metric,~
"R411,R413",2,2,0,2,5.1k,YAGEO,RC0805FR-075K1L,311-5.10KCRCT-ND,,Resistor_SMD:R_0805_2012Metric,~
"R501,R502,R503,R504,R505,R506,R531,R532,R533,R534,R535,R536,R549,R550,R551,R564,R565,R566,R604,R605,R606,R607,R608,R609,R616,R617,R618,R619,R620,R621,R625,R626,R627,R628,R629,R630,R631,R632",38,18,38,56,499,YAGEO,RC0805FR-07499RL,311-499CRCT-ND,,Resistor_SMD:R_0805_2012Metric,~
"R513,R514,R515,R516,R517,R518,R519,R520,R521,R522,R523,R524,R537,R538,R539,R540,R541,R542,R543,R544,R545,R546,R547,R548,R555,R556,R557,R558,R559,R560,R567,R568,R569,R570,R571,R572,R610,R611,R612,R613,R614,R615",42,36,42,78,75,YAGEO,RC0805FR-0775RL,311-75.0CRCT-ND,,Resistor_SMD:R_0805_2012Metric,~
"R573,R574,R575,R576,R577,R578,R579,R580,R581,R582,R583,R584,R711,R712,R713,R714,R715,R716",18,9,9,18,0,Walsin Technology Corporation,WR08X000 PTL,1292-WR08X000PTLCT-ND,,Resistor_SMD:R_0805_2012Metric,~
"R701,R702,R703,R704,R705,R706,R707,R708,R709,R710",10,10,0,10,4.7k,YAGEO,RC0805JR-134K7L,13-RC0805JR-134K7LCT-ND,,Resistor_SMD:R_0805_2012Metric,~
U401,1,1,0,1,TPS561243DRLR,Texas Instruments,TPS561243DRLR,296-TPS561243DRLRCT-ND,C42040978,Package_TO_SOT_SMD:SOT-563,
U402,1,1,0,1,LM2611xMF,Texas Instruments,LM2611AMFX/NOPB,296-LM2611AMFX/NOPBTR-ND,,Package_TO_SOT_SMD:SOT-23-5,https://www.ti.com/lit/ds/symlink/lm2611.pdf
U403,1,1,0,1,SRV05-4,"Shenzhen Slkormicro Semicon Co., Ltd.",SRV05-4,5399-SRV05-4TR-ND,,Package_TO_SOT_SMD:SOT-23-6,http://www.onsemi.com/pub/Collateral/SRV05-4-D.PDF
U404,1,1,0,1,AP22816BKEWT,Diodes Incorporated,AP22816BKEWT-7,31-AP22816BKEWT-7CT-ND,,Package_TO_SOT_SMD:SOT-23-5,https://www.diodes.com/assets/Datasheets/AP22816_17_18.pdf
"U501,U502,U503,U504,U505,U506,U601,U602",8,6,8,14,RS8754,Jiangsu RUNIC Tech,RS8754XP,3565-RS8754XPCT-ND,C255420,Package_SO:SOIC-14_3.9x8.7mm_P1.27mm,https://www.lcsc.com/datasheet/lcsc_datasheet_2405271615_Jiangsu-RUNIC-Tech-RS8754XP_C255420.pdf
"U507,U508,U509",3,3,3,6,74HC4052D,Nexperia USA Inc.,"74HC4052D,653",1727-2808-2-ND,,Package_SO:SOIC-16_3.9x9.9mm_P1.27mm,https://assets.nexperia.com/documents/data-sheet/74HC_HCT4052.pdf
,,,,,,,,,,,
FFC,,,,,,GCT,10-12-D-0050-C-4-08-4-T,2073-10-12-D-0050-C-4-08-4-T-ND,,,
Solder Paste,,,,,,Chip Quik Inc.,SMD291SNL,SMD291SNL-ND,,,
Flux,,,,,,Chip Quik Inc.,SMD291NL-5M,315-SMD291NL-5M-ND,,,
